bf_bugid,bf_project,bf_product,bf_de_manager,bf_severity,submit_age,Pin
CSCux77907,CSC.sibu.dev,bluebird,tslo,moderate,182,sw
CSCux84043,CSC.labtrunk,ir829,ningzhao,moderate,181,gemboa
CSCux84962,CSC.labtrunk,all,teresang,moderate,181,iot
CSCux92850,CSC.sibu.dev,bluebird,tslo,moderate,180,sw
CSCuy02720,CSC.sibu.dev,dms-internal,tslo,moderate,179,dmm
CSCuy07345,CSC.general,dms,tslo,severe,179,dms
CSCuy08061,CSC.general,dms,tslo,severe,179,dmp
CSCuy09510,CSC.sibu.dev,dms-internal,tslo,moderate,178,dmm
CSCuy11695,CSC.sibu.dev,dms-internal,tslo,moderate,178,dmm
CSCuy12632,CSC.sys,ie3000,teresang,moderate,178,iotgsw
CSCuy17771,CSC.sibu.dev,dms-internal,tslo,moderate,178,dmm
CSCuy19023,CSC.sibu.dev,dms-internal,tslo,moderate,177,dmm
CSCuy21235,CSC.sibu.dev,dms-internal,tslo,moderate,177,dmm
CSCuy23817,CSC.sibu.dev,dms-internal,tslo,moderate,177,dmm
CSCuy26766,CSC.sibu.dev,bluebird,tslo,moderate,177,sw
CSCuy38064,CSC.labtrunk,warbler,tslo,moderate,176,warbler
CSCuy46125,CSC.labtrunk,c10000,ningzhao,enhancement,175,cgr1k
CSCuy48967,CSC.labtrunk,gemboa,tslo,moderate,175,gemboa
CSCuy53293,CSC.labtrunk,gemboa,tslo,moderate,174,gemboa
CSCuy55785,CSC.labtrunk,gemboa,tslo,moderate,174,gemboa
CSCuy57465,CSC.sibu.dev,bluebird,tslo,moderate,174,sw
CSCuy65000,CSC.labtrunk,warbler,tslo,moderate,173,warbler
CSCuy67329,CSC.labtrunk,warbler,tslo,moderate,173,warbler
CSCuy70908,CSC.labtrunk,ie3000,teresang,moderate,173,iotgsw
CSCuy75554,CSC.sibu.dev,bluebird,tslo,moderate,172,sw
CSCuy75560,CSC.sibu.dev,bluebird,tslo,moderate,172,sw
CSCuy75779,CSC.sibu.dev,bluebird,tslo,moderate,172,sw
CSCuy75901,CSC.sibu.dev,bluebird,tslo,moderate,172,sw
CSCuy78814,CSC.sibu.dev,bluebird,tslo,moderate,172,sw
CSCuy84927,CSC.sibu.dev,dms-internal,tslo,moderate,172,dmm
CSCuy84943,CSC.labtrunk,warbler,tslo,moderate,172,warbler
CSCuy87374,CSC.labtrunk,gemboa,tslo,moderate,171,gemboa
CSCuy93138,CSC.labtrunk,cgr1000,ningzhao,moderate,171,cgr1k
CSCuy94013,CSC.sibu.dev,dms-internal,tslo,moderate,171,dmm
CSCuy94293,CSC.sibu.dev,dms-internal,tslo,moderate,171,dmm
CSCuy98211,CSC.sibu.dev,sunbird,tslo,moderate,170,sw
CSCuy98230,CSC.sibu.dev,sunbird,tslo,moderate,170,sw
CSCuy98283,CSC.sibu.dev,sunbird,tslo,moderate,170,sw
CSCuy98624,CSC.sibu.dev,sunbird,tslo,moderate,170,sw
CSCuy99765,CSC.labtrunk,warbler,tslo,enhancement,170,warbler
CSCuz00376,CSC.labtrunk,warbler,tslo,enhancement,170,warbler
CSCuz00787,CSC.sibu.dev,bluebird,tslo,moderate,170,sw
CSCuz01978,CSC.sibu.dev,sunbird,tslo,moderate,170,sw
CSCuz02664,CSC.labtrunk,gemboa,tslo,moderate,170,gemboa
CSCuz02767,CSC.labtrunk,gemboa,tslo,moderate,170,gemboa
CSCuz02851,CSC.labtrunk,gemboa,tslo,moderate,170,gemboa
CSCuz03611,CSC.labtrunk,gemboa,tslo,moderate,170,gemboa
CSCuz03632,CSC.labtrunk,gemboa,tslo,moderate,170,gemboa
CSCuz04832,CSC.general,dms,tslo,moderate,170,dmp
CSCuz08675,CSC.sibu.dev,sunbird,tslo,moderate,169,sw
CSCuz12315,CSC.sibu.dev,sunbird,tslo,moderate,169,sw
CSCuz12394,CSC.sibu.dev,sunbird,tslo,moderate,169,sw
CSCuz13198,CSC.labtrunk,ir809,ningzhao,moderate,169,cgr1k
CSCuz20658,CSC.labtrunk,gemboa,tslo,moderate,168,gemboa
CSCuz20672,CSC.labtrunk,gemboa,tslo,moderate,168,gemboa
CSCuz35596,CSC.labtrunk,warbler,tslo,enhancement,167,warbler
CSCuz37040,CSC.labtrunk,warbler,tslo,enhancement,167,warbler
CSCuz37297,CSC.labtrunk,warbler,tslo,enhancement,167,warbler
CSCuz37478,CSC.labtrunk,warbler,tslo,enhancement,167,warbler
CSCuz37484,CSC.labtrunk,warbler,tslo,enhancement,167,warbler
CSCuz37491,CSC.labtrunk,warbler,tslo,enhancement,167,warbler
CSCuz37875,CSC.labtrunk,ce300,tslo,moderate,167,ce300
CSCuz39116,CSC.labtrunk,warbler,tslo,enhancement,166,warbler
CSCuz40006,CSC.sibu.dev,sunbird,tslo,moderate,166,sw
CSCuz40020,CSC.sibu.dev,sunbird,tslo,moderate,166,sw
CSCuz48689,CSC.labtrunk,ir829,ningzhao,severe,165,gemboa
CSCuz51981,CSC.labtrunk,morenolite,teresang,moderate,165,iotgsw
CSCuz52514,CSC.sibu.prods,ce300,tslo,severe,165,sw
CSCuz56269,CSC.labtrunk,ie1000,teresang,moderate,165,iot
CSCuz60042,CSC.sibu.dev,sunbird,tslo,moderate,164,sw
CSCuz61287,CSC.labtrunk,cgr1000,ningzhao,severe,164,cgr1k
CSCuz74737,CSC.labtrunk,ir809,ningzhao,moderate,163,scada
CSCuz77459,CSC.labtrunk,ie1000,teresang,moderate,163,iot
CSCuz80229,CSC.labtrunk,morenolite,teresang,moderate,162,iotgsw
CSCuz80469,CSC.labtrunk,volt,teresang,moderate,162,iot
CSCuz91233,CSC.labtrunk,cgr1000,ningzhao,moderate,161,cgr1k
CSCuz93343,CSC.labtrunk,moreno,teresang,moderate,161,iotgsw
CSCva30766,CSC.labtrunk,volt,teresang,enhancement,157,iotgsw
CSCva31796,CSC.labtrunk,camaro,teresang,moderate,157,iotgsw
CSCva33136,CSC.general,dms,tslo,enhancement,157,dmp
CSCva57399,CSC.autons,all,chadiga,moderate,154,nano
CSCva61350,CSC.labtrunk,camaro,teresang,enhancement,154,iotgsw
CSCva66216,CSC.labtrunk,ie1000,teresang,moderate,153,iot
CSCvb02902,CSC.labtrunk,warbler,tslo,moderate,149,warbler
CSCvb12213,CSC.labtrunk,warbler,tslo,moderate,148,warbler
CSCvb14522,CSC.labtrunk,volt,teresang,moderate,148,iotgsw
CSCvb17116,CSC.labtrunk,ie1000,teresang,moderate,148,iot
CSCvb19394,CSC.labtrunk,ce300,tslo,moderate,148,ce300
CSCvb45652,CSC.sibu.dev,sunbird,tslo,moderate,145,sw
CSCvb46022,CSC.sibu.dev,sunbird,tslo,moderate,145,sw
CSCvb48879,CSC.labtrunk,volt,teresang,enhancement,144,iotgsw
CSCvb50912,CSC.labtrunk,warbler,tslo,enhancement,144,warbler
CSCvb62810,CSC.labtrunk,ie1000,teresang,moderate,143,iot
CSCvb66546,CSC.labtrunk,volt,teresang,enhancement,142,iotgsw
CSCvb69238,CSC.sys,c7600,rasrao,severe,142,c7600
CSCvb72671,CSC.labtrunk,warbler,tslo,enhancement,142,warbler
CSCvb78134,CSC.sibu.dev,sunbird,tslo,moderate,141,sw
CSCvb78220,CSC.sibu.dev,sunbird,tslo,moderate,141,sw
CSCvb93401,CSC.labtrunk,cgr2010,ningzhao,enhancement,139,cgr2010
CSCvc07913,CSC.labtrunk,ie1000,teresang,moderate,138,iot
CSCvc13988,CSC.labtrunk,warbler,tslo,moderate,137,warbler
CSCvc29712,CSC.labtrunk,ie1000,teresang,moderate,135,iot
CSCvc32544,CSC.labtrunk,cgr1000,tslo,moderate,135,cgr1k
CSCvc42601,CSC.labtrunk,volt,teresang,minor,134,iotgsw
CSCvc57517,CSC.labtrunk,gemboa,ningzhao,moderate,132,gemboa
CSCvc61862,CSC.labtrunk,ie3000,teresang,enhancement,131,iotgsw
CSCvc71493,CSC.labtrunk,ir809,tslo,enhancement,129,ir800
CSCvc83184,CSC.labtrunk,volt,teresang,moderate,128,iotgsw
CSCvc85339,CSC.labtrunk,cgr1000,tslo,moderate,128,cgr1k
CSCvc98072,CSC.labtrunk,ie1000,teresang,moderate,126,iot
CSCvd13122,CSC.labtrunk,cgr1000,ningzhao,moderate,124,cgr1k
CSCvd27355,CSC.labtrunk,warbler,tslo,enhancement,123,warbler
CSCvd37513,CSC.labtrunk,warbler,tslo,cosmetic,122,warbler
CSCvd51489,CSC.sibu.prods,ce300,tslo,issue_not_a_bug_or_enhancement,121,sw
CSCvd87462,CSC.labtrunk,ce300,tslo,moderate,117,ce300
CSCvd92023,CSC.labtrunk,warbler,tslo,moderate,117,warbler
CSCvd98373,CSC.labtrunk,warbler,tslo,enhancement,116,warbler
CSCve01930,CSC.labtrunk,ir829,ningzhao,moderate,116,ir800
CSCve17642,CSC.labtrunk,warbler,tslo,enhancement,114,warbler
CSCve19742,CSC.labtrunk,warbler,tslo,enhancement,114,warbler
CSCve21661,CSC.labtrunk,warbler,tslo,enhancement,114,warbler
CSCve23607,CSC.labtrunk,warbler,tslo,enhancement,114,warbler
CSCve23641,CSC.labtrunk,cgr1000,tslo,enhancement,114,cgr1k
CSCve24412,CSC.labtrunk,volt,teresang,moderate,114,ie
CSCve25057,CSC.labtrunk,ie2000u,teresang,minor,113,ie
CSCve37777,CSC.labtrunk,cgr1000,ningzhao,moderate,112,cgr1k
CSCve37815,CSC.labtrunk,all,teresang,moderate,112,ie
CSCve54035,CSC.labtrunk,warbler,tslo,enhancement,110,warbler
CSCve69431,CSC.labtrunk,volt,teresang,minor,109,iotgsw
CSCve84485,CSC.labtrunk,warbler,tslo,enhancement,107,warbler
CSCve97208,CSC.labtrunk,warbler,tslo,moderate,106,warbler
CSCvf04393,CSC.labtrunk,warbler,tslo,enhancement,105,warbler
CSCvf38335,CSC.labtrunk,cgr1000,tslo,moderate,101,cgr1k
CSCvf43065,CSC.labtrunk,ir829,ningzhao,moderate,101,gemboa
CSCvf71609,CSC.sys,cgr1000,ningzhao,minor,97,cgr1k
CSCvf77683,CSC.labtrunk,all,ningzhao,moderate,96,sparrow
CSCvf88029,CSC.labtrunk,all,ningzhao,moderate,95,sparrow
CSCvf98753,CSC.labtrunk,all,ningzhao,moderate,94,sparrow
CSCvg03910,CSC.labtrunk,all,ningzhao,moderate,93,sparrow
CSCvg10791,CSC.labtrunk,ir829,ningzhao,minor,92,gemboa
CSCvg16292,CSC.labtrunk,ir829,bhatrive,enhancement,92,gemboa
CSCvg16550,CSC.labtrunk,ir1100,ningzhao,moderate,92,sparrow
CSCvg31722,CSC.labtrunk,warbler,tslo,minor,90,warbler
CSCvg37647,CSC.labtrunk,ir800,ningzhao,moderate,89,ir800
CSCvg39989,CSC.labtrunk,warbler,tslo,moderate,89,warbler
CSCvg39994,CSC.labtrunk,warbler,tslo,enhancement,89,warbler
CSCvg40068,CSC.labtrunk,warbler,tslo,minor,89,warbler
CSCvg40803,CSC.labtrunk,hellcat,teresang,moderate,89,bootloader
CSCvg67608,CSC.labtrunk,warbler,tslo,severe,86,warbler
CSCvg73207,CSC.labtrunk,ir1100,ningzhao,catastrophic,86,sparrow
CSCvg76197,CSC.labtrunk,hellcat,teresang,moderate,85,bootloader
CSCvg87497,CSC.labtrunk,warbler,tslo,moderate,84,warbler
CSCvg91664,CSC.labtrunk,warbler,tslo,moderate,83,warbler
CSCvg91710,CSC.labtrunk,warbler,tslo,enhancement,83,warbler
CSCvh02488,CSC.labtrunk,ir1100,ningzhao,minor,82,sparrow
CSCvh20239,CSC.labtrunk,ir1100,ningzhao,moderate,80,sparrow
CSCvh48301,CSC.labtrunk,all,teresang,enhancement,78,config
CSCvh48769,CSC.labtrunk,petra,teresang,enhancement,77,petra
CSCvh58464,CSC.labtrunk,warbler,tslo,moderate,76,warbler
CSCvh79956,CSC.labtrunk,cgr1000,ningzhao,moderate,74,cgr1k
CSCvh89337,CSC.labtrunk,cgr1000,tslo,severe,73,warbler
CSCvh89405,CSC.labtrunk,warbler,tslo,cosmetic,73,warbler
CSCvi07303,CSC.labtrunk,cgr1000,tslo,enhancement,71,cgr1k
CSCvi24211,CSC.sys,all,teresang,moderate,70,iotgsw
CSCvi24602,CSC.labtrunk,5900,tslo,enhancement,70,platform
CSCvi34285,CSC.labtrunk,ir829,bhatrive,severe,69,gemboa
CSCvi46929,CSC.netbu,pix-asa,teresang,moderate,68,iot
CSCvi71074,CSC.labtrunk,ir1100,ningzhao,severe,66,sparrow
CSCvi74624,CSC.labtrunk,petra,teresang,enhancement,66,cip
CSCvi98495,CSC.netbu,pix-asa,teresang,severe,64,iot
CSCvj09697,CSC.labtrunk,warbler,tslo,issue_not_a_bug_or_enhancement,63,warbler
CSCvj23612,CSC.labtrunk,petra,teresang,enhancement,62,cip
CSCvj26785,CSC.labtrunk,cgr2010,ningzhao,enhancement,61,cgr2010
CSCvj51202,CSC.labtrunk,petra,teresang,moderate,59,cip
CSCvj71696,CSC.labtrunk,ir1100,ningzhao,moderate,57,sparrow
CSCvk04609,CSC.labtrunk,callisto,tslo,moderate,54,callisto
CSCvk07603,CSC.labtrunk,callisto,tslo,enhancement,54,callisto
CSCvk13476,CSC.labtrunk,petra,teresang,moderate,53,petra
CSCvk30936,CSC.labtrunk,ir1100,ningzhao,severe,51,sparrow
CSCvk41081,CSC.labtrunk,ir800,ningzhao,severe,50,vds
CSCvk44727,CSC.labtrunk,petra,teresang,cosmetic,50,ptp
CSCvk66922,CSC.labtrunk,petra,teresang,moderate,48,ptp
CSCvm03119,CSC.labtrunk,callisto,tslo,enhancement,46,callisto
CSCvm14305,CSC.labtrunk,callisto,tslo,minor,45,callisto
CSCvm48679,CSC.labtrunk,warbler,tslo,severe,42,warbler
CSCvm60517,CSC.labtrunk,ir1100,ningzhao,moderate,41,sparrow
CSCvm73295,CSC.labtrunk,petra,teresang,moderate,39,petra
CSCvm82669,CSC.labtrunk,ir1100,ningzhao,minor,38,sparrow
CSCvm87053,CSC.labtrunk,ir800,bhatrive,moderate,38,gemboa
CSCvm93934,CSC.labtrunk,warbler,tslo,severe,37,warbler
CSCvm94243,CSC.labtrunk,cgr1000,prapuroh,severe,37,cgr1k
CSCvn14555,CSC.labtrunk,ir1100,ningzhao,moderate,35,sparrow
CSCvn24541,CSC.sys,all,prapuroh,enhancement,34,ir800
CSCvn25207,CSC.labtrunk,callisto,tslo,minor,33,callisto
CSCvn64191,CSC.netbu,pix-asa,teresang,moderate,29,iot
CSCvo24750,CSC.sys,ir800,sidharma,severe,21,gemboa
CSCvo40267,CSC.labtrunk,petra,teresang,moderate,20,cip
CSCvo63770,CSC.labtrunk,ie3000,rasrao,moderate,18,iotgsw
CSCvo67324,CSC.labtrunk,warbler,tslo,severe,17,warbler
CSCvo87048,CSC.labtrunk,esr6300,ningzhao,moderate,15,blackheart
CSCvo94791,CSC.labtrunk,esr6300,ningzhao,severe,15,blackheart
CSCvp14224,CSC.labtrunk,ir1100,ningzhao,moderate,13,sparrow
CSCvp21631,CSC.sys,warbler,tslo,enhancement,13,lorapartner
CSCvp38906,CSC.labtrunk,petra,teresang,enhancement,11,petra
CSCvp48375,CSC.labtrunk,esr6300,ningzhao,enhancement,10,blackheart
CSCvp61661,CSC.labtrunk,petra,teresang,moderate,8,petra
CSCvp62333,CSC.labtrunk,esr6300,ningzhao,moderate,8,blackheart
CSCvp79737,CSC.labtrunk,esr6300,ningzhao,moderate,6,blackheart
CSCvp97333,CSC.labtrunk,esr6300,ningzhao,moderate,5,blackheart
CSCvq11329,CSC.sys,all,rasrao,severe,3,iotgsw
CSCux90388,CSC.labtrunk,cgr1000,ningzhao,minor,180,cgr1k
CSCux93561,CSC.sibu.dev,dms-internal,tslo,moderate,180,dmm
CSCux97259,CSC.labtrunk,volt,teresang,moderate,180,iotgsw
CSCux97629,CSC.sibu.dev,dms-internal,tslo,moderate,180,dmm
CSCuy05848,CSC.labtrunk,moreno,teresang,moderate,179,iotgsw
CSCuy19403,CSC.sibu.dev,dms-internal,tslo,moderate,177,dmm
CSCuy19669,CSC.sibu.dev,dms-internal,tslo,moderate,177,dmm
CSCuy21410,CSC.sibu.dev,dms-internal,tslo,moderate,177,dmm
CSCuy21514,CSC.sibu.dev,dms-internal,tslo,moderate,177,dmm
CSCuy28300,CSC.labtrunk,cgr1000,ningzhao,moderate,177,cgr1k
CSCuy30702,CSC.labtrunk,c800,ningzhao,moderate,176,gemboa
CSCuy34862,CSC.general,dms,tslo,severe,176,dmp
CSCuy46890,CSC.labtrunk,gemboa,tslo,moderate,175,gemboa
CSCuy47007,CSC.labtrunk,gemboa,tslo,moderate,175,gemboa
CSCuy48995,CSC.labtrunk,gemboa,tslo,moderate,175,gemboa
CSCuy51192,CSC.labtrunk,gemboa,tslo,moderate,175,gemboa
CSCuy53308,CSC.labtrunk,gemboa,tslo,moderate,174,gemboa
CSCuy64181,CSC.sibu.dev,bluebird,tslo,moderate,173,sw
CSCuy64189,CSC.sibu.dev,bluebird,tslo,moderate,173,sw
CSCuy64199,CSC.sibu.dev,bluebird,tslo,moderate,173,sw
CSCuy74147,CSC.sibu.dev,bluebird,tslo,moderate,173,sw
CSCuy76032,CSC.sibu.dev,bluebird,tslo,moderate,172,sw
CSCuy76710,CSC.labtrunk,camaro,teresang,minor,172,iotgsw
CSCuy76751,CSC.labtrunk,camaro,teresang,minor,172,iotgsw
CSCuy77257,CSC.labtrunk,ir829,ningzhao,enhancement,172,gemboa
CSCuy84863,CSC.sibu.dev,dms-internal,tslo,moderate,172,dmm
CSCuy86286,CSC.labtrunk,cgr1000,ningzhao,cosmetic,171,cgr1k
CSCuy86582,CSC.sibu.dev,bluebird,tslo,moderate,171,sw
CSCuy87354,CSC.labtrunk,gemboa,tslo,moderate,171,gemboa
CSCuy92272,CSC.labtrunk,morenolite,teresang,moderate,171,iotgsw
CSCuy93134,CSC.labtrunk,cgr1000,ningzhao,moderate,171,cgr1k
CSCuy94248,CSC.sibu.dev,dms-internal,tslo,moderate,171,dmm
CSCuy94285,CSC.sibu.dev,dms-internal,tslo,moderate,171,dmm
CSCuy98184,CSC.sibu.dev,sunbird,tslo,moderate,170,sw
CSCuy98329,CSC.sibu.dev,sunbird,tslo,moderate,170,sw
CSCuy98377,CSC.sibu.dev,sunbird,tslo,moderate,170,sw
CSCuy98423,CSC.sibu.dev,sunbird,tslo,moderate,170,sw
CSCuy98484,CSC.sibu.dev,dms-internal,tslo,moderate,170,dmm
CSCuy98543,CSC.sibu.dev,sunbird,tslo,moderate,170,sw
CSCuy98565,CSC.sibu.dev,sunbird,tslo,moderate,170,sw
CSCuy98567,CSC.sibu.dev,sunbird,tslo,moderate,170,sw
CSCuz00618,CSC.sibu.dev,bluebird,tslo,moderate,170,sw
CSCuz00829,CSC.sibu.dev,bluebird,tslo,moderate,170,sw
CSCuz00867,CSC.sibu.dev,bluebird,tslo,moderate,170,sw
CSCuz02086,CSC.sibu.dev,sunbird,tslo,moderate,170,sw
CSCuz02475,CSC.labtrunk,gemboa,tslo,moderate,170,gemboa
CSCuz04735,CSC.labtrunk,gemboa,tslo,moderate,170,gemboa
CSCuz08659,CSC.sibu.dev,sunbird,tslo,moderate,169,sw
CSCuz10877,CSC.sibu.dev,sunbird,tslo,moderate,169,sw
CSCuz19385,CSC.labtrunk,cgr1000,ningzhao,enhancement,168,cgr1k
CSCuz26998,CSC.labtrunk,gemboa,tslo,moderate,167,iox
CSCuz27164,CSC.general,dms,tslo,moderate,167,dmp
CSCuz30666,CSC.labtrunk,moreno,teresang,moderate,167,iotgsw
CSCuz35192,CSC.labtrunk,cgr1000,ningzhao,moderate,167,cgr1k
CSCuz35603,CSC.labtrunk,warbler,tslo,enhancement,167,warbler
CSCuz37045,CSC.labtrunk,warbler,tslo,enhancement,167,warbler
CSCuz37054,CSC.labtrunk,warbler,tslo,enhancement,167,warbler
CSCuz37116,CSC.labtrunk,warbler,tslo,enhancement,167,warbler
CSCuz37318,CSC.labtrunk,warbler,tslo,enhancement,167,warbler
CSCuz37356,CSC.labtrunk,warbler,tslo,enhancement,167,warbler
CSCuz37462,CSC.labtrunk,warbler,tslo,enhancement,167,warbler
CSCuz51354,CSC.labtrunk,ie1000,teresang,moderate,165,iot
CSCuz56202,CSC.labtrunk,volt,teresang,enhancement,165,iot
CSCuz58455,CSC.labtrunk,warbler,tslo,enhancement,165,warbler
CSCuz62104,CSC.labtrunk,warbler,tslo,enhancement,164,warbler
CSCuz65322,CSC.labtrunk,warbler,tslo,moderate,164,warbler
CSCuz69181,CSC.labtrunk,cgr1000,ningzhao,severe,163,cgr1k
CSCuz71029,CSC.labtrunk,ir829,ningzhao,moderate,163,gemboa
CSCva05888,CSC.labtrunk,cgr1000,ningzhao,moderate,159,cgr1k
CSCva07491,CSC.labtrunk,cgr1000,ningzhao,moderate,159,cgr1k
CSCva20891,CSC.labtrunk,morenolite,teresang,moderate,158,iotgsw
CSCva23884,CSC.labtrunk,warbler,tslo,moderate,158,warbler
CSCva51768,CSC.sibu.dev,sunbird,tslo,moderate,155,sw
CSCva67767,CSC.labtrunk,morenolite,teresang,moderate,153,iotgsw
CSCva92311,CSC.sibu.dev,sunbird,tslo,moderate,150,sw
CSCvb04298,CSC.sys,volt,teresang,severe,149,iotgsw
CSCvb24653,CSC.labtrunk,ie1000,teresang,enhancement,147,iot
CSCvb28413,CSC.labtrunk,cgr1000,tslo,moderate,147,cgr1k
CSCvb35098,CSC.labtrunk,ie1000,teresang,severe,146,iot
CSCvb39079,CSC.labtrunk,warbler,tslo,moderate,145,warbler
CSCvb40671,CSC.labtrunk,cgr1000,ningzhao,enhancement,145,cgr1k
CSCvb53818,CSC.sibu.dev,bluebird,tslo,moderate,144,sw
CSCvb65945,CSC.labtrunk,cgr1000,tslo,moderate,143,cgr1k
CSCvb69693,CSC.labtrunk,volt,teresang,enhancement,142,iotgsw
CSCvb76222,CSC.sibu.dev,sunbird,tslo,moderate,141,sw
CSCvb83629,CSC.labtrunk,cgr1000,tslo,severe,141,cgr1k
CSCvc08725,CSC.sibu.dev,kunpeng,tslo,severe,138,apps
CSCvc12592,CSC.sibu.dev,bluebird,tslo,moderate,137,sw
CSCvc12850,CSC.labtrunk,ie1000,teresang,enhancement,137,iot
CSCvc23556,CSC.sibu.prods,ce340,tslo,moderate,136,sw
CSCvc33083,CSC.labtrunk,gemboa,ningzhao,moderate,135,gemboa
CSCvc42152,CSC.labtrunk,warbler,tslo,enhancement,134,warbler
CSCvc49157,CSC.labtrunk,ie1000,teresang,moderate,133,iot
CSCvc49479,CSC.labtrunk,volt,teresang,moderate,133,iotgsw
CSCvc64296,CSC.labtrunk,cgr1000,ningzhao,severe,130,cgr1k
CSCvc82457,CSC.sys,c800,ningzhao,enhancement,128,ir800
CSCvc88439,CSC.labtrunk,ir809,tslo,minor,127,ir800
CSCvc88599,CSC.labtrunk,ir809,tslo,minor,127,ir800
CSCvd05602,CSC.labtrunk,volt,teresang,moderate,125,iotgsw
CSCvd17021,CSC.labtrunk,warbler,tslo,enhancement,124,warbler
CSCvd18964,CSC.labtrunk,ir829,ningzhao,enhancement,124,sparrow
CSCvd45679,CSC.labtrunk,ir829,ningzhao,moderate,121,ir800
CSCvd45701,CSC.labtrunk,warbler,tslo,severe,121,warbler
CSCvd46373,CSC.labtrunk,ie1000,teresang,moderate,121,iot
CSCvd70511,CSC.labtrunk,warbler,tslo,severe,119,warbler
CSCvd74393,CSC.labtrunk,cgr1000,tslo,enhancement,119,cgr1k
CSCvd78534,CSC.labtrunk,ir829,ningzhao,severe,118,gemboa
CSCvd80673,CSC.labtrunk,morenolite,teresang,moderate,118,profinet
CSCvd82198,CSC.labtrunk,warbler,tslo,minor,118,warbler
CSCvd88675,CSC.labtrunk,all,ningzhao,enhancement,117,sparrow
CSCvd90751,CSC.labtrunk,warbler,tslo,moderate,117,warbler
CSCvd95138,CSC.labtrunk,ce300,tslo,moderate,117,ce300
CSCve12904,CSC.labtrunk,ir809,tslo,enhancement,115,ir800
CSCve13215,CSC.labtrunk,all,ningzhao,enhancement,115,sparrow
CSCve14884,CSC.labtrunk,moreno,teresang,moderate,115,ie
CSCve17336,CSC.sys,ie4000,teresang,moderate,114,iotgsw
CSCve19725,CSC.labtrunk,warbler,tslo,enhancement,114,warbler
CSCve23271,CSC.labtrunk,warbler,tslo,enhancement,114,warbler
CSCve24851,CSC.labtrunk,warbler,tslo,enhancement,113,warbler
CSCve24915,CSC.labtrunk,warbler,tslo,enhancement,113,warbler
CSCve29330,CSC.labtrunk,warbler,tslo,cosmetic,113,warbler
CSCve35603,CSC.sys,all,teresang,moderate,112,iotgsw
CSCve36361,CSC.labtrunk,volt,teresang,moderate,112,ie
CSCve37765,CSC.labtrunk,camaro,teresang,moderate,112,ie
CSCve58243,CSC.labtrunk,warbler,tslo,enhancement,110,warbler
CSCve66944,CSC.labtrunk,warbler,tslo,enhancement,109,warbler
CSCve71283,CSC.datacenter,cgr500,ningzhao,issue_not_a_bug_or_enhancement,109,linux
CSCve72076,CSC.sibu.dev,bluebird,tslo,moderate,109,sw
CSCve79791,CSC.labtrunk,all,teresang,moderate,108,iotgsw
CSCvf05073,CSC.labtrunk,cgr1000,tslo,moderate,105,cgr1k
CSCvf10260,CSC.sys,c7600,rasrao,severe,104,c7600
CSCvf15064,CSC.labtrunk,ir809,ningzhao,severe,104,ir800
CSCvf33199,CSC.labtrunk,warbler,tslo,enhancement,102,warbler
CSCvf40107,CSC.labtrunk,warbler,tslo,enhancement,101,warbler
CSCvf59926,CSC.labtrunk,cgr1000,tslo,moderate,99,cgr1k
CSCvf65324,CSC.datacenter,cgr500,ningzhao,enhancement,98,linux
CSCvf80167,CSC.labtrunk,all,ningzhao,moderate,96,sparrow
CSCvf80657,CSC.labtrunk,ir800,ningzhao,moderate,96,ir800
CSCvf95058,CSC.labtrunk,ir1100,ningzhao,minor,94,sparrow
CSCvf98997,CSC.labtrunk,all,ningzhao,severe,94,sparrow
CSCvg11755,CSC.labtrunk,all,ningzhao,cosmetic,92,sparrow
CSCvg24722,CSC.labtrunk,all,ningzhao,moderate,91,sparrow
CSCvg32909,CSC.labtrunk,ir800,ningzhao,minor,90,ir800
CSCvg45162,CSC.labtrunk,warbler,tslo,cosmetic,88,warbler
CSCvg45917,CSC.sys,ie4010,rasrao,severe,88,iotgsw
CSCvg52358,CSC.labtrunk,all,bhatrive,moderate,88,cgr1k
CSCvg58728,CSC.labtrunk,all,ningzhao,severe,87,sparrow
CSCvg64554,CSC.labtrunk,all,teresang,moderate,87,ie
CSCvg71029,CSC.labtrunk,ir1100,tslo,severe,86,sparrow
CSCvg78555,CSC.labtrunk,ir1100,ningzhao,minor,85,sparrow
CSCvg78590,CSC.labtrunk,ir1100,ningzhao,moderate,85,sparrow
CSCvg84556,CSC.labtrunk,all,ningzhao,moderate,84,sparrow
CSCvg86211,CSC.labtrunk,all,tslo,moderate,84,sparrow
CSCvg88533,CSC.labtrunk,all,ningzhao,severe,84,sparrow
CSCvg97839,CSC.labtrunk,ir800,ningzhao,moderate,83,ir800
CSCvg97922,CSC.labtrunk,warbler,tslo,enhancement,83,warbler
CSCvh14741,CSC.labtrunk,cgr1000,ningzhao,moderate,81,cgr1k
CSCvh31328,CSC.labtrunk,cgr1000,ningzhao,enhancement,78,cgr1k
CSCvh46031,CSC.labtrunk,ir829,bhatrive,moderate,78,ir800
CSCvh60670,CSC.labtrunk,ir1100,ningzhao,issue_not_a_bug_or_enhancement,76,sparrow
CSCvh64373,CSC.labtrunk,ir829,bhatrive,moderate,76,gemboa
CSCvh67480,CSC.sys,c7600,rasrao,severe,75,c7600
CSCvh78029,CSC.labtrunk,cgr1000,tslo,moderate,74,cgr1k
CSCvh78143,CSC.labtrunk,ir800,ningzhao,minor,74,gemboa
CSCvh95769,CSC.labtrunk,ir1100,ningzhao,moderate,72,sparrow
CSCvi07883,CSC.labtrunk,ir800,ningzhao,moderate,71,ir800
CSCvi09314,CSC.sys,all,ningzhao,enhancement,71,ir800
CSCvi32229,CSC.labtrunk,ir809,ningzhao,severe,69,gemboa
CSCvi33500,CSC.labtrunk,all,ningzhao,severe,69,cgr1k
CSCvi74916,CSC.labtrunk,cgr1000,tslo,enhancement,66,cgr1k
CSCvi89619,CSC.labtrunk,petra,teresang,moderate,64,cip
CSCvj09647,CSC.sys,ir800,ningzhao,moderate,63,ir800
CSCvj29500,CSC.labtrunk,warbler,tslo,moderate,61,warbler
CSCvj29732,CSC.labtrunk,cgr2010,ningzhao,moderate,61,4glte
CSCvj38618,CSC.labtrunk,ir1100,ningzhao,moderate,60,sparrow
CSCvj61713,CSC.labtrunk,ir809,tslo,moderate,58,ir800
CSCvj67879,CSC.labtrunk,ir1100,ningzhao,minor,58,sparrow
CSCvj89224,CSC.labtrunk,cat9500h,ningzhao,severe,56,sparrow
CSCvj92219,CSC.labtrunk,ir1100,ningzhao,moderate,55,sparrow
CSCvj96115,CSC.labtrunk,warbler,tslo,enhancement,55,warbler
CSCvk02168,CSC.labtrunk,ir1100,ningzhao,moderate,54,sparrow
CSCvk14869,CSC.labtrunk,petra,teresang,enhancement,53,petra
CSCvk25973,CSC.labtrunk,ir1100,ningzhao,moderate,52,sparrow
CSCvk61884,CSC.labtrunk,callisto,tslo,enhancement,48,callisto
CSCvk71550,CSC.labtrunk,ir829,prapuroh,moderate,47,gemboa
CSCvm06237,CSC.labtrunk,petra,teresang,moderate,46,petra
CSCvm14590,CSC.labtrunk,cgr1000,ningzhao,moderate,45,cgr1k
CSCvm20235,CSC.labtrunk,callisto,tslo,enhancement,44,callisto
CSCvm41964,CSC.sys,all,teresang,minor,43,iot
CSCvm68492,CSC.labtrunk,ir1100,ningzhao,severe,40,sparrow
CSCvm69779,CSC.sys,cgr2010,ningzhao,moderate,40,cgr2010
CSCvm77041,CSC.labtrunk,cgr1000,bhatrive,severe,39,cgr1k
CSCvm88894,CSC.labtrunk,ir800,prapuroh,enhancement,38,gemboa
CSCvn01151,CSC.labtrunk,volt,teresang,severe,36,rep
CSCvn28106,CSC.labtrunk,volt,teresang,enhancement,33,ie
CSCvn49563,CSC.labtrunk,ir1100,ningzhao,enhancement,31,sparrow
CSCvn52366,CSC.labtrunk,ir1100,ningzhao,enhancement,30,sparrow
CSCvn60143,CSC.labtrunk,petra,teresang,enhancement,30,petra
CSCvn74742,CSC.labtrunk,esr1115,ningzhao,moderate,28,blackheart
CSCvn83497,CSC.labtrunk,ir1100,ningzhao,moderate,25,sparrow
CSCvo10463,CSC.labtrunk,petra,teresang,enhancement,23,petra
CSCvo19545,CSC.labtrunk,ir1100,ningzhao,severe,22,sparrow
CSCvo27299,CSC.labtrunk,ir809,prapuroh,severe,21,gemboa
CSCvo45375,CSC.labtrunk,petra,teresang,catastrophic,19,petra
CSCvo50627,CSC.labtrunk,ir807,prapuroh,moderate,19,osprey
CSCvo56412,CSC.labtrunk,moreno,rasrao,severe,18,iotgsw
CSCvo58850,CSC.labtrunk,ir1100,ningzhao,severe,18,sparrow
CSCvo65299,CSC.labtrunk,cgr1000,prapuroh,moderate,17,cgr1k
CSCvo95469,CSC.labtrunk,esr6300,ningzhao,moderate,15,blackheart
CSCvo98965,CSC.labtrunk,petra,teresang,severe,15,petra
CSCvo99329,CSC.labtrunk,esr6300,ningzhao,moderate,15,blackheart
CSCvp02104,CSC.labtrunk,esr6300,ningzhao,moderate,14,blackheart
CSCvp44067,CSC.labtrunk,petra,teresang,moderate,10,cip
CSCvp66716,CSC.labtrunk,ie3000,rasrao,enhancement,8,iotgsw
CSCvp70136,CSC.labtrunk,petra,teresang,moderate,7,ie
CSCvp94201,CSC.labtrunk,ir1100,ningzhao,minor,5,sparrow
CSCvp96773,CSC.labtrunk,ir807,sidharma,moderate,5,osprey
CSCvp99133,CSC.labtrunk,petra,teresang,minor,4,iox
CSCvq03121,CSC.labtrunk,volt,rasrao,moderate,4,ie
CSCvq06624,CSC.labtrunk,moreno,teresang,enhancement,4,iotgsw
CSCvq10387,CSC.labtrunk,ir829,sidharma,enhancement,3,gemboa
CSCvq18849,CSC.labtrunk,ir800,sidharma,severe,2,gemboa
CSCvq21148,CSC.labtrunk,petra,teresang,moderate,2,petra
CSCux71868,CSC.labtrunk,cgr1000,ningzhao,enhancement,182,nantucket
CSCux73664,CSC.labtrunk,ie1000,teresang,enhancement,182,iotgsw
CSCux88362,CSC.labtrunk,ie1000,teresang,moderate,181,iot
CSCux95192,CSC.sibu.dev,kunpeng,tslo,severe,180,ntp
CSCuy02733,CSC.sibu.dev,dms-internal,tslo,moderate,179,dmm
CSCuy02804,CSC.sibu.dev,dms-internal,tslo,moderate,179,dmm
CSCuy05887,CSC.labtrunk,moreno,teresang,moderate,179,iotgsw
CSCuy07770,CSC.sibu.dev,dms-internal,tslo,moderate,179,dmm
CSCuy13565,CSC.sibu.dev,dms-internal,tslo,moderate,178,dmm
CSCuy17731,CSC.sibu.dev,dms-internal,tslo,moderate,178,dmm
CSCuy19501,CSC.sibu.dev,dms-internal,tslo,moderate,177,dmm
CSCuy21563,CSC.sibu.dev,bluebird,tslo,moderate,177,sw
CSCuy27211,CSC.sibu.dev,bluebird,tslo,moderate,177,sw
CSCuy44953,CSC.labtrunk,gemboa,tslo,moderate,175,gemboa
CSCuy45718,CSC.labtrunk,ir829,ningzhao,enhancement,175,gemboa
CSCuy48840,CSC.labtrunk,gemboa,tslo,moderate,175,gemboa
CSCuy51174,CSC.labtrunk,gemboa,tslo,moderate,175,gemboa
CSCuy51231,CSC.labtrunk,gemboa,tslo,moderate,175,gemboa
CSCuy53419,CSC.labtrunk,gemboa,tslo,moderate,174,gemboa
CSCuy55847,CSC.sibu.dev,bluebird,tslo,moderate,174,sw
CSCuy63810,CSC.sibu.dev,bluebird,tslo,moderate,173,sw
CSCuy64080,CSC.labtrunk,ir829,ningzhao,moderate,173,ir800
CSCuy74239,CSC.sibu.dev,bluebird,tslo,moderate,173,sw
CSCuy74316,CSC.sibu.dev,bluebird,tslo,moderate,173,sw
CSCuy82496,CSC.labtrunk,warbler,tslo,moderate,172,warbler
CSCuy87298,CSC.labtrunk,gemboa,tslo,moderate,171,gemboa
CSCuy87336,CSC.labtrunk,gemboa,tslo,moderate,171,gemboa
CSCuy90386,CSC.labtrunk,ir829,ningzhao,severe,171,gemboa
CSCuy98169,CSC.sibu.dev,sunbird,tslo,moderate,170,sw
CSCuy98267,CSC.sibu.dev,sunbird,tslo,moderate,170,sw
CSCuy98342,CSC.sibu.dev,sunbird,tslo,moderate,170,sw
CSCuy98354,CSC.sibu.dev,sunbird,tslo,moderate,170,sw
CSCuy98371,CSC.sibu.dev,sunbird,tslo,moderate,170,sw
CSCuy98443,CSC.sibu.dev,sunbird,tslo,moderate,170,sw
CSCuy98471,CSC.sibu.dev,sunbird,tslo,moderate,170,sw
CSCuy98482,CSC.sibu.dev,sunbird,tslo,moderate,170,sw
CSCuy98499,CSC.sibu.dev,sunbird,tslo,moderate,170,sw
CSCuz00805,CSC.sibu.dev,bluebird,tslo,moderate,170,sw
CSCuz02435,CSC.labtrunk,gemboa,tslo,moderate,170,gemboa
CSCuz02860,CSC.labtrunk,gemboa,tslo,moderate,170,gemboa
CSCuz06496,CSC.general,dms,tslo,moderate,169,dmp
CSCuz06518,CSC.general,dms,tslo,moderate,169,dmp
CSCuz12688,CSC.labtrunk,volt,teresang,moderate,169,iox
CSCuz20607,CSC.labtrunk,gemboa,tslo,moderate,168,gemboa
CSCuz27037,CSC.general,dms,tslo,moderate,167,dmp
CSCuz34710,CSC.sibu.dev,sunbird,tslo,moderate,167,sw
CSCuz37007,CSC.labtrunk,warbler,tslo,enhancement,167,warbler
CSCuz37120,CSC.labtrunk,warbler,tslo,enhancement,167,warbler
CSCuz37341,CSC.labtrunk,warbler,tslo,enhancement,167,warbler
CSCuz37382,CSC.labtrunk,warbler,tslo,enhancement,167,warbler
CSCuz37552,CSC.labtrunk,warbler,tslo,enhancement,167,warbler
CSCuz56317,CSC.labtrunk,volt,teresang,moderate,165,iot
CSCuz59203,CSC.sys,all,ningzhao,severe,164,ir800
CSCuz60556,CSC.sys,c7600,rasrao,moderate,164,c7600
CSCuz60842,CSC.labtrunk,volt,teresang,moderate,164,iot
CSCuz92535,CSC.labtrunk,morenolite,teresang,moderate,161,iotgsw
CSCuz95902,CSC.labtrunk,volt,teresang,moderate,161,iot
CSCva09615,CSC.labtrunk,ie1000,teresang,moderate,159,iot
CSCva19837,CSC.labtrunk,cgr1000,tslo,minor,158,cgr1k
CSCva39925,CSC.labtrunk,warbler,tslo,enhancement,156,warbler
CSCva47358,CSC.labtrunk,volt,teresang,severe,155,iot
CSCva83356,CSC.labtrunk,ie1000,teresang,severe,151,iot
CSCva97748,CSC.labtrunk,cgr1000,tslo,moderate,150,cgr1k
CSCvb08766,CSC.labtrunk,warbler,tslo,enhancement,149,warbler
CSCvb28441,CSC.labtrunk,cgr1000,tslo,moderate,147,cgr1k
CSCvb28897,CSC.sibu.dev,bluebird,tslo,moderate,147,sw
CSCvb40645,CSC.labtrunk,cgr1000,ningzhao,enhancement,145,cgr1k
CSCvb45898,CSC.sibu.dev,sunbird,tslo,moderate,145,sw
CSCvb45998,CSC.sibu.dev,sunbird,tslo,moderate,145,sw
CSCvb48672,CSC.sibu.prods,ce300,tslo,severe,145,sw
CSCvb55397,CSC.labtrunk,gemboa,ningzhao,moderate,144,gemboa
CSCvb67690,CSC.labtrunk,moreno,teresang,moderate,142,iotgsw
CSCvb72514,CSC.labtrunk,volt,teresang,enhancement,142,iotgsw
CSCvb73749,CSC.labtrunk,cgr1000,tslo,severe,142,cgr1k
CSCvb84014,CSC.labtrunk,ie1000,teresang,moderate,141,iot
CSCvb84372,CSC.sibu.dev,bluebird,tslo,moderate,141,sw
CSCvc10022,CSC.sibu.dev,bluebird,tslo,moderate,138,sw
CSCvc23502,CSC.general,dms,tslo,moderate,136,dmm
CSCvc31810,CSC.labtrunk,gemboa,ningzhao,moderate,135,gemboa
CSCvc60547,CSC.labtrunk,ie1000,teresang,severe,132,iot
CSCvc65812,CSC.labtrunk,ie1000,teresang,moderate,130,iot
CSCvc70223,CSC.labtrunk,warbler,tslo,issue_not_a_bug_or_enhancement,129,warbler
CSCvc78693,CSC.labtrunk,ir809,tslo,minor,128,ir800
CSCvc82850,CSC.labtrunk,volt,teresang,moderate,128,iotgsw
CSCvc88955,CSC.labtrunk,volt,teresang,minor,127,iotgsw
CSCvc98113,CSC.labtrunk,ie1000,teresang,moderate,126,iot
CSCvd02404,CSC.labtrunk,cgr1000,tslo,moderate,126,cgr1k
CSCvd21079,CSC.labtrunk,cgr1000,ningzhao,moderate,124,iox
CSCvd25567,CSC.sys,camaro,teresang,moderate,123,iotgsw
CSCvd35449,CSC.labtrunk,moreno,teresang,moderate,122,iotgsw
CSCvd39684,CSC.labtrunk,warbler,tslo,severe,122,warbler
CSCvd42785,CSC.sys,c7600,rasrao,moderate,122,c7600
CSCvd68154,CSC.labtrunk,warbler,tslo,moderate,119,warbler
CSCvd75862,CSC.sibu.dev,dms-internal,tslo,moderate,119,dmp
CSCvd83228,CSC.labtrunk,camaro,teresang,moderate,118,iotgsw
CSCvd88551,CSC.labtrunk,warbler,tslo,enhancement,117,warbler
CSCvd89948,CSC.labtrunk,moreno,teresang,moderate,117,ie
CSCvd97205,CSC.labtrunk,warbler,tslo,minor,116,warbler
CSCve04884,CSC.labtrunk,volt,teresang,moderate,115,ie
CSCve04947,CSC.datacenter,cgr500,ningzhao,enhancement,115,linux
CSCve06827,CSC.labtrunk,warbler,tslo,enhancement,115,warbler
CSCve10455,CSC.labtrunk,all,teresang,moderate,115,ie
CSCve23260,CSC.labtrunk,warbler,tslo,enhancement,114,warbler
CSCve23316,CSC.labtrunk,warbler,tslo,enhancement,114,warbler
CSCve24877,CSC.labtrunk,warbler,tslo,enhancement,113,warbler
CSCve42306,CSC.labtrunk,warbler,tslo,enhancement,112,warbler
CSCve59667,CSC.labtrunk,moreno,teresang,enhancement,110,iotgsw
CSCve84879,CSC.labtrunk,warbler,tslo,moderate,107,warbler
CSCvf04210,CSC.labtrunk,ir809,ningzhao,moderate,105,gemboa
CSCvf12189,CSC.labtrunk,ir829,ningzhao,enhancement,104,ir800
CSCvf22147,CSC.labtrunk,all,teresang,moderate,103,iotgsw
CSCvf27771,CSC.labtrunk,cgr1000,tslo,moderate,102,cgr1k
CSCvf29143,CSC.labtrunk,warbler,tslo,minor,102,warbler
CSCvf45308,CSC.labtrunk,moreno,teresang,moderate,100,ie
CSCvf68450,CSC.sys,c7600,rasrao,severe,98,c7600
CSCvf84989,CSC.labtrunk,cgr1000,tslo,minor,95,cgr1k
CSCvf85582,CSC.labtrunk,all,teresang,moderate,95,iotgsw
CSCvf93570,CSC.labtrunk,ir829,ningzhao,enhancement,94,gemboa
CSCvf94179,CSC.labtrunk,ir829,ningzhao,minor,94,gemboa
CSCvf94185,CSC.labtrunk,gemboa,ningzhao,cosmetic,94,gemboa
CSCvf96382,CSC.labtrunk,all,rasrao,enhancement,94,ie
CSCvf99788,CSC.sys.play,c7600,rasrao,moderate,94,c7600
CSCvg02764,CSC.labtrunk,cgr1000,tslo,enhancement,93,ir800
CSCvg22967,CSC.labtrunk,all,ningzhao,moderate,91,sparrow
CSCvg24783,CSC.labtrunk,ir800,ningzhao,moderate,91,ir800
CSCvg38930,CSC.labtrunk,petra,teresang,enhancement,89,petra
CSCvg44902,CSC.labtrunk,warbler,tslo,enhancement,88,warbler
CSCvg46988,CSC.labtrunk,ir1100,ningzhao,moderate,88,sparrow
CSCvg54951,CSC.labtrunk,ir800,tslo,moderate,87,ir800
CSCvg73196,CSC.labtrunk,all,ningzhao,moderate,86,sparrow
CSCvg76931,CSC.labtrunk,cgr1000,tslo,enhancement,85,cgr1k
CSCvg80679,CSC.sys,cgr2010,ningzhao,moderate,85,cgr2010
CSCvg97701,CSC.labtrunk,ir829,ningzhao,minor,83,ir800
CSCvh07677,CSC.labtrunk,ir1100,ningzhao,moderate,82,sparrow
CSCvh68161,CSC.sys,ie2000,teresang,moderate,75,accsw
CSCvh68313,CSC.labtrunk,ir1100,ningzhao,moderate,75,sparrow
CSCvh69503,CSC.labtrunk,ir1100,ningzhao,moderate,75,sparrow
CSCvh79915,CSC.labtrunk,cgr1000,ningzhao,moderate,74,cgr1k
CSCvh99633,CSC.labtrunk,cgr1000,tslo,moderate,72,cgr1k
CSCvi09163,CSC.labtrunk,ir800,bhatrive,moderate,71,ir800
CSCvj28486,CSC.labtrunk,ir1100,ningzhao,moderate,61,sparrow
CSCvj31788,CSC.labtrunk,ir1100,ningzhao,minor,61,sparrow
CSCvj33904,CSC.labtrunk,warbler,tslo,enhancement,61,warbler
CSCvj47954,CSC.labtrunk,petra,teresang,moderate,59,cip
CSCvj63690,CSC.labtrunk,petra,teresang,moderate,58,petra
CSCvj72143,CSC.autons,c7600,rasrao,moderate,57,c7600
CSCvj73439,CSC.labtrunk,ir1100,ningzhao,minor,57,sparrow
CSCvj73721,CSC.labtrunk,ir800,ningzhao,enhancement,57,gemboa
CSCvk06151,CSC.labtrunk,ir1100,ningzhao,moderate,54,sparrow
CSCvk11409,CSC.labtrunk,ir1100,ningzhao,moderate,53,sparrow
CSCvk17134,CSC.labtrunk,cgr2010,bhatrive,moderate,53,4glte
CSCvk26448,CSC.labtrunk,cgr1000,tslo,minor,52,cgr1k
CSCvk40621,CSC.labtrunk,cgr1000,bhatrive,severe,50,cgr1k
CSCvk47614,CSC.labtrunk,cgr1000,tslo,moderate,50,cgr1k
CSCvk54878,CSC.labtrunk,cgr1000,ningzhao,severe,49,cgr1k
CSCvk71092,CSC.labtrunk,petra,teresang,minor,47,cip
CSCvk71485,CSC.labtrunk,callisto,tslo,enhancement,47,callisto
CSCvm05163,CSC.labtrunk,callisto,tslo,minor,46,callisto
CSCvm05900,CSC.sys,gemboa,bhatrive,severe,46,gemboa
CSCvm09533,CSC.labtrunk,petra,teresang,moderate,45,cip
CSCvm15606,CSC.labtrunk,ir1100,ningzhao,moderate,45,sparrow
CSCvm19667,CSC.labtrunk,ir829,prapuroh,moderate,44,4glte
CSCvm23759,CSC.labtrunk,ir800,bhatrive,minor,44,gemboa
CSCvm26352,CSC.labtrunk,warbler,tslo,enhancement,44,warbler
CSCvm46202,CSC.labtrunk,all,teresang,enhancement,42,iot
CSCvm66066,CSC.labtrunk,ir829,bhatrive,severe,40,gemboa
CSCvm78578,CSC.labtrunk,petra,teresang,moderate,39,cip
CSCvm86292,CSC.labtrunk,ir807,prapuroh,severe,38,osprey
CSCvm93014,CSC.labtrunk,petra,teresang,moderate,37,petra
CSCvm94253,CSC.labtrunk,cgr1000,prapuroh,moderate,37,cgr1k
CSCvm94262,CSC.labtrunk,cgr1000,prapuroh,moderate,37,cgr1k
CSCvm99675,CSC.labtrunk,ir829,prapuroh,issue_not_a_bug_or_enhancement,36,gemboa
CSCvn02979,CSC.labtrunk,cgr1000,prapuroh,moderate,36,cgr1k
CSCvn11437,CSC.labtrunk,ir1100,ningzhao,moderate,35,sparrow
CSCvn36469,CSC.labtrunk,ir1100,ningzhao,moderate,32,sparrow
CSCvn36786,CSC.labtrunk,ir1100,ningzhao,severe,32,sparrow
CSCvn44622,CSC.labtrunk,volt,rasrao,severe,31,ie
CSCvn48047,CSC.labtrunk,warbler,tslo,severe,31,warbler
CSCvn53931,CSC.labtrunk,moreno,teresang,moderate,30,ie
CSCvn65191,CSC.labtrunk,volt,rasrao,moderate,29,ie
CSCvn86197,CSC.labtrunk,ir1100,ningzhao,moderate,25,sparrow
CSCvo10080,CSC.labtrunk,petra,teresang,moderate,23,ie
CSCvo21128,CSC.labtrunk,petra,teresang,enhancement,22,petra
CSCvo70890,CSC.labtrunk,moreno,rasrao,moderate,17,ie
CSCvo84485,CSC.labtrunk,esr6300,ningzhao,enhancement,16,blackheart
CSCvp21657,CSC.labtrunk,ir1100,ningzhao,moderate,13,sparrow
CSCvp30293,CSC.sys,ie4010,rasrao,severe,12,ie
CSCvp33957,CSC.labtrunk,esr6300,ningzhao,moderate,11,blackheart
CSCvp44038,CSC.sys,callisto,tslo,moderate,10,callisto
CSCvp47451,CSC.sys,ir829,sidharma,catastrophic,10,gemboa
CSCvp48151,CSC.labtrunk,petra,teresang,moderate,10,petra
CSCvp49764,CSC.labtrunk,ir1100,ningzhao,enhancement,10,sparrow
CSCvp55405,CSC.labtrunk,petra,teresang,minor,9,petra
CSCvp70225,CSC.labtrunk,cgr1000,tslo,enhancement,7,cgr1k
CSCvp71692,CSC.sys,all,sidharma,severe,7,ir800
CSCvp93971,CSC.labtrunk,cgr1000,sidharma,severe,5,cgr1k
CSCvq00721,CSC.sys,ie5000,teresang,enhancement,4,ie
CSCvq02397,CSC.labtrunk,ir1100,ningzhao,minor,4,sparrow
CSCvq05533,CSC.netbu,pix-asa,teresang,severe,4,iot
CSCvq11913,CSC.sys,all,rasrao,enhancement,3,iotgsw
CSCvq15103,CSC.labtrunk,warbler,tslo,severe,3,warbler
CSCvq18233,CSC.labtrunk,volt,rasrao,moderate,2,iotgsw
CSCvq23911,CSC.labtrunk,esr6300,ningzhao,moderate,2,blackheart
CSCux72818,CSC.sibu.dev,bluebird,tslo,moderate,182,sw
CSCux82008,CSC.labtrunk,warbler,tslo,moderate,181,warbler
CSCux89878,CSC.sys,cgr1000,ningzhao,moderate,180,cgr1k
CSCux95713,CSC.labtrunk,warbler,tslo,moderate,180,warbler
CSCuy17742,CSC.sibu.dev,dms-internal,tslo,moderate,178,dmm
CSCuy19310,CSC.sibu.dev,dms-internal,tslo,moderate,177,dmm
CSCuy21390,CSC.sibu.dev,dms-internal,tslo,moderate,177,dmm
CSCuy22702,CSC.labtrunk,ir829,ningzhao,severe,177,gemboa
CSCuy26940,CSC.sibu.dev,dms-internal,tslo,moderate,177,dmm
CSCuy30396,CSC.labtrunk,cgr1000,ningzhao,moderate,176,cgr1k
CSCuy35761,CSC.labtrunk,ir829,ningzhao,severe,176,ir800
CSCuy51134,CSC.labtrunk,gemboa,tslo,moderate,175,gemboa
CSCuy51167,CSC.labtrunk,gemboa,tslo,moderate,175,gemboa
CSCuy54531,CSC.general,dms,tslo,severe,174,dmp
CSCuy57357,CSC.sibu.dev,bluebird,tslo,moderate,174,sw
CSCuy63931,CSC.sibu.dev,bluebird,tslo,moderate,173,sw
CSCuy64107,CSC.sibu.dev,bluebird,tslo,moderate,173,sw
CSCuy74273,CSC.sibu.dev,bluebird,tslo,moderate,173,sw
CSCuy74821,CSC.labtrunk,cgr1000,ningzhao,severe,172,cgr1k
CSCuy76070,CSC.labtrunk,camaro,teresang,minor,172,iotgsw
CSCuy76219,CSC.sibu.dev,bluebird,tslo,moderate,172,sw
CSCuy76702,CSC.labtrunk,camaro,teresang,minor,172,iotgsw
CSCuy81478,CSC.labtrunk,volt,teresang,moderate,172,iox
CSCuy84934,CSC.labtrunk,warbler,tslo,moderate,172,warbler
CSCuy85043,CSC.sibu.dev,dms-internal,tslo,moderate,172,dmm
CSCuy87347,CSC.labtrunk,gemboa,tslo,moderate,171,gemboa
CSCuy87363,CSC.labtrunk,gemboa,tslo,moderate,171,gemboa
CSCuy87379,CSC.labtrunk,gemboa,tslo,moderate,171,gemboa
CSCuy98020,CSC.sibu.dev,sunbird,tslo,moderate,170,sw
CSCuy98095,CSC.sibu.dev,sunbird,tslo,moderate,170,sw
CSCuy98307,CSC.sibu.dev,sunbird,tslo,moderate,170,sw
CSCuy98462,CSC.sibu.dev,dms-internal,tslo,moderate,170,dmm
CSCuy98514,CSC.sibu.dev,dms-internal,tslo,moderate,170,dmm
CSCuz00692,CSC.sibu.dev,bluebird,tslo,moderate,170,sw
CSCuz00815,CSC.sibu.dev,bluebird,tslo,moderate,170,sw
CSCuz01937,CSC.sibu.dev,sunbird,tslo,moderate,170,sw
CSCuz02014,CSC.sibu.dev,sunbird,tslo,moderate,170,sw
CSCuz02593,CSC.labtrunk,gemboa,tslo,moderate,170,gemboa
CSCuz02808,CSC.labtrunk,gemboa,tslo,moderate,170,gemboa
CSCuz19455,CSC.labtrunk,volt,teresang,severe,168,iot
CSCuz20592,CSC.labtrunk,gemboa,tslo,moderate,168,gemboa
CSCuz26589,CSC.labtrunk,cgr1000,ningzhao,moderate,167,cgr1k
CSCuz35084,CSC.sys,all,ningzhao,moderate,167,cgr1k
CSCuz37052,CSC.labtrunk,warbler,tslo,enhancement,167,warbler
CSCuz37060,CSC.labtrunk,warbler,tslo,enhancement,167,warbler
CSCuz37112,CSC.labtrunk,warbler,tslo,enhancement,167,warbler
CSCuz37136,CSC.labtrunk,warbler,tslo,enhancement,167,warbler
CSCuz37156,CSC.labtrunk,warbler,tslo,enhancement,167,warbler
CSCuz37416,CSC.labtrunk,warbler,tslo,enhancement,167,warbler
CSCuz37516,CSC.labtrunk,warbler,tslo,enhancement,167,warbler
CSCuz38430,CSC.labtrunk,volt,teresang,minor,167,iot
CSCuz39684,CSC.sibu.dev,sunbird,tslo,moderate,166,sw
CSCuz44338,CSC.sibu.prods,ce340,tslo,severe,166,sw
CSCuz59190,CSC.sys,all,ningzhao,moderate,164,ir800
CSCuz79518,CSC.labtrunk,moreno,teresang,moderate,162,iotgsw
CSCuz81595,CSC.autons,all,chadiga,enhancement,162,nano
CSCuz83265,CSC.labtrunk,ie1000,teresang,moderate,162,iot
CSCuz89346,CSC.sys,all,ningzhao,moderate,161,ir800
CSCva02221,CSC.labtrunk,moreno,teresang,moderate,160,iotgsw
CSCva08173,CSC.labtrunk,cgr1000,ningzhao,moderate,159,cgr1k
CSCva12710,CSC.labtrunk,ir809,ningzhao,moderate,159,gemboa
CSCva15894,CSC.labtrunk,camaro,teresang,moderate,158,iot
CSCva31893,CSC.labtrunk,ie2000u,teresang,minor,157,iotgsw
CSCva40770,CSC.labtrunk,volt,teresang,enhancement,156,iotgsw
CSCva51159,CSC.labtrunk,volt,teresang,moderate,155,iot
CSCva79610,CSC.labtrunk,warbler,tslo,moderate,152,warbler
CSCva82855,CSC.labtrunk,ie1000,teresang,severe,151,iotgsw
CSCvb05691,CSC.labtrunk,volt,teresang,moderate,149,iot
CSCvb30581,CSC.labtrunk,warbler,tslo,enhancement,146,warbler
CSCvb38255,CSC.labtrunk,gemboa,tslo,moderate,146,gemboa
CSCvb39084,CSC.labtrunk,cgr1000,ningzhao,moderate,145,cgr1k
CSCvb56366,CSC.sibu.dev,bluebird,tslo,moderate,144,sw
CSCvb61965,CSC.labtrunk,all,ningzhao,moderate,143,gemboa
CSCvb65650,CSC.labtrunk,warbler,tslo,enhancement,143,warbler
CSCvb65764,CSC.labtrunk,cgr1000,tslo,cosmetic,143,cgr1k
CSCvb67885,CSC.labtrunk,ie1000,teresang,enhancement,142,iot
CSCvb69984,CSC.labtrunk,ie1000,teresang,moderate,142,iot
CSCvb71784,CSC.labtrunk,gemboa,ningzhao,severe,142,gemboa
CSCvb73686,CSC.labtrunk,cgr1000,ningzhao,minor,142,cgr1k
CSCvb74727,CSC.labtrunk,warbler,tslo,moderate,142,warbler
CSCvb85587,CSC.general,dms,tslo,severe,140,dmp
CSCvb95790,CSC.labtrunk,warbler,tslo,enhancement,139,warbler
CSCvb97162,CSC.labtrunk,gemboa,ningzhao,moderate,139,gemboa
CSCvc08664,CSC.labtrunk,cgr1000,ningzhao,severe,138,cgr1k
CSCvc09241,CSC.labtrunk,cgr1000,ningzhao,moderate,138,cgr1k
CSCvc20588,CSC.labtrunk,ie1000,teresang,enhancement,136,iot
CSCvc34438,CSC.labtrunk,ir829,ningzhao,severe,135,gemboa
CSCvc38373,CSC.labtrunk,warbler,tslo,moderate,134,warbler
CSCvc40894,CSC.labtrunk,ie1000,teresang,moderate,134,iot
CSCvc50048,CSC.labtrunk,volt,teresang,minor,133,iotgsw
CSCvc53669,CSC.labtrunk,cgr1000,ningzhao,moderate,133,cgr1k
CSCvc57978,CSC.labtrunk,cgr1000,tslo,minor,132,cgr1k
CSCvc68149,CSC.sys,ie4000,teresang,moderate,130,iotgsw
CSCvc71456,CSC.labtrunk,ir809,tslo,severe,129,ir800
CSCvc76449,CSC.labtrunk,cgr1000,ningzhao,moderate,129,cgr1k
CSCvc83333,CSC.datacenter,cgr500,ningzhao,moderate,128,linux
CSCvc86971,CSC.labtrunk,volt,teresang,moderate,127,iotgsw
CSCvc91775,CSC.labtrunk,ie1000,teresang,moderate,127,iot
CSCvc96182,CSC.datacenter,cgr1000,ningzhao,minor,126,platform
CSCvc98259,CSC.sys,all,bhatrive,enhancement,126,gemboa
CSCvd24371,CSC.labtrunk,ir829,ningzhao,moderate,123,gemboa
CSCvd36120,CSC.labtrunk,cgr1000,ningzhao,moderate,122,cgr1k
CSCvd36388,CSC.sys,c7600,rasrao,moderate,122,c7600
CSCvd53597,CSC.labtrunk,volt,teresang,enhancement,121,iotgsw
CSCvd67052,CSC.labtrunk,warbler,tslo,enhancement,119,warbler
CSCvd83034,CSC.labtrunk,cgr1000,tslo,moderate,118,cgr1k
CSCvd84845,CSC.labtrunk,warbler,tslo,enhancement,118,warbler
CSCvd99984,CSC.sys,ir809,prapuroh,severe,116,gemboa
CSCve00395,CSC.netbu,pix-asa,teresang,moderate,116,iot
CSCve02135,CSC.labtrunk,all,ningzhao,enhancement,116,sparrow
CSCve21712,CSC.labtrunk,warbler,tslo,enhancement,114,warbler
CSCve38233,CSC.labtrunk,warbler,tslo,minor,112,warbler
CSCve39776,CSC.labtrunk,warbler,tslo,moderate,112,warbler
CSCve41186,CSC.labtrunk,volt,teresang,moderate,112,ie
CSCve45060,CSC.sibu.dev,bluebird,tslo,moderate,111,sw
CSCve58239,CSC.labtrunk,warbler,tslo,minor,110,warbler
CSCve58615,CSC.labtrunk,warbler,tslo,minor,110,warbler
CSCve80757,CSC.labtrunk,warbler,tslo,enhancement,108,warbler
CSCve82789,CSC.labtrunk,warbler,tslo,enhancement,107,warbler
CSCve83321,CSC.labtrunk,ce340,tslo,moderate,107,ce340
CSCve85480,CSC.sibu.dev,bluebird,tslo,moderate,107,sw
CSCve87538,CSC.labtrunk,moreno,teresang,minor,107,ie
CSCvf01273,CSC.labtrunk,cgr1000,tslo,minor,105,cgr1k
CSCvf29111,CSC.sys,c7600,rasrao,moderate,102,c7600
CSCvf34499,CSC.labtrunk,ir829,ningzhao,moderate,102,ir800
CSCvf65505,CSC.labtrunk,warbler,tslo,minor,98,warbler
CSCvf70370,CSC.labtrunk,cgr1000,ningzhao,moderate,97,cgr1k
CSCvf81033,CSC.labtrunk,cgr1000,tslo,moderate,96,cgr1k
CSCvf88138,CSC.labtrunk,all,ningzhao,severe,95,sparrow
CSCvg00547,CSC.sys,all,ningzhao,severe,93,ir800
CSCvg07360,CSC.labtrunk,warbler,tslo,minor,93,warbler
CSCvg22982,CSC.labtrunk,all,ningzhao,moderate,91,sparrow
CSCvg26146,CSC.labtrunk,warbler,tslo,enhancement,91,warbler
CSCvg28327,CSC.labtrunk,ir1100,ningzhao,moderate,90,sparrow
CSCvg48980,CSC.labtrunk,all,ningzhao,moderate,88,sparrow
CSCvg49069,CSC.labtrunk,all,ningzhao,moderate,88,sparrow
CSCvg52013,CSC.labtrunk,volt,teresang,severe,88,ie
CSCvg60480,CSC.labtrunk,ir1100,ningzhao,moderate,87,sparrow
CSCvg73126,CSC.labtrunk,ir1100,ningzhao,cosmetic,86,sparrow
CSCvg73187,CSC.labtrunk,all,ningzhao,moderate,86,sparrow
CSCvg84037,CSC.labtrunk,warbler,tslo,enhancement,84,warbler
CSCvg86593,CSC.labtrunk,warbler,tslo,enhancement,84,warbler
CSCvh15144,CSC.labtrunk,ir1100,ningzhao,moderate,81,sparrow
CSCvh22158,CSC.labtrunk,ir1100,ningzhao,moderate,80,sparrow
CSCvh24789,CSC.labtrunk,all,ningzhao,severe,80,sparrow
CSCvh54150,CSC.labtrunk,volt,teresang,enhancement,77,iotgsw
CSCvh55193,CSC.labtrunk,cgr1000,tslo,enhancement,77,cgr1k
CSCvh62660,CSC.labtrunk,ir800,bhatrive,moderate,76,gemboa
CSCvh64920,CSC.labtrunk,ir829,bhatrive,moderate,76,gemboa
CSCvh67061,CSC.labtrunk,ir1100,ningzhao,severe,75,sparrow
CSCvh68395,CSC.labtrunk,cgr1000,tslo,moderate,75,cgr1k
CSCvh75659,CSC.labtrunk,warbler,tslo,enhancement,74,warbler
CSCvh78541,CSC.labtrunk,all,teresang,moderate,74,ie
CSCvi01428,CSC.sys,volt,teresang,severe,72,iox
CSCvi01867,CSC.labtrunk,ir829,ningzhao,minor,72,gemboa
CSCvi05252,CSC.labtrunk,petra,teresang,moderate,72,petra
CSCvi49342,CSC.labtrunk,ir829,ningzhao,moderate,68,gemboa
CSCvi71019,CSC.labtrunk,petra,teresang,enhancement,66,petra
CSCvi73582,CSC.labtrunk,ir829,ningzhao,enhancement,66,gemboa
CSCvi83289,CSC.labtrunk,petra,teresang,moderate,65,petra
CSCvj17757,CSC.labtrunk,ir1100,ningzhao,minor,62,sparrow
CSCvj23314,CSC.labtrunk,cgr1000,tslo,minor,62,cgr1k
CSCvj50273,CSC.netbu,pix-asa,teresang,severe,59,iot
CSCvj71795,CSC.labtrunk,petra,teresang,moderate,57,petra
CSCvj79824,CSC.sys,ie2000,teresang,moderate,56,accsw
CSCvj83815,CSC.labtrunk,warbler,tslo,enhancement,56,warbler
CSCvj85060,CSC.sys,c7600,rasrao,moderate,56,c7600
CSCvj87770,CSC.labtrunk,ir1100,ningzhao,moderate,56,sparrow
CSCvj93869,CSC.labtrunk,ir1100,ningzhao,moderate,55,sparrow
CSCvk09415,CSC.labtrunk,petra,teresang,moderate,54,petra
CSCvk09903,CSC.netbu,pix-asa,teresang,severe,54,iot
CSCvk14795,CSC.labtrunk,callisto,tslo,enhancement,53,callisto
CSCvk22895,CSC.labtrunk,callisto,tslo,moderate,52,callisto
CSCvk25472,CSC.labtrunk,cgr1000,ningzhao,enhancement,52,cgr1k
CSCvk29594,CSC.labtrunk,callisto,tslo,moderate,51,callisto
CSCvk41795,CSC.labtrunk,hellcat,teresang,moderate,50,petra
CSCvk43551,CSC.labtrunk,petra,teresang,moderate,50,petra
CSCvk71279,CSC.labtrunk,cgr1000,bhatrive,severe,47,cgr1k
CSCvk74425,CSC.labtrunk,petra,teresang,enhancement,47,petra
CSCvm00782,CSC.labtrunk,ir800,bhatrive,enhancement,47,gemboa
CSCvm66098,CSC.sys,all,bhatrive,severe,40,ir800
CSCvm85058,CSC.labtrunk,petra,teresang,moderate,38,petra
CSCvm94267,CSC.labtrunk,cgr1000,prapuroh,moderate,37,cgr1k
CSCvn01346,CSC.labtrunk,all,teresang,moderate,36,ie
CSCvn11895,CSC.labtrunk,all,tslo,enhancement,35,callisto
CSCvn55032,CSC.sys,warbler,tslo,moderate,30,warbler
CSCvn55980,CSC.labtrunk,ir1100,ningzhao,moderate,30,sparrow
CSCvn79112,CSC.labtrunk,petra,teresang,moderate,26,petra
CSCvn86072,CSC.labtrunk,ir1100,ningzhao,moderate,25,sparrow
CSCvn86686,CSC.labtrunk,ir1100,ningzhao,severe,25,sparrow
CSCvo15677,CSC.labtrunk,callisto,tslo,moderate,22,callisto
CSCvo21701,CSC.labtrunk,esr1115,ningzhao,enhancement,22,blackheart
CSCvo27961,CSC.sys,ir829,sidharma,severe,21,gemboa
CSCvo28743,CSC.labtrunk,cgr1000,tslo,minor,21,cgr1k
CSCvo33879,CSC.labtrunk,petra,teresang,minor,20,petra
CSCvo34579,CSC.labtrunk,ir800,prapuroh,severe,20,gemboa
CSCvo45624,CSC.labtrunk,petra,teresang,enhancement,19,petra
CSCvo48322,CSC.labtrunk,cgr1000,prapuroh,severe,19,cgr1k
CSCvo88555,CSC.labtrunk,esr6300,ningzhao,enhancement,15,blackheart
CSCvo89550,CSC.labtrunk,petra,teresang,moderate,15,petra
CSCvo95375,CSC.labtrunk,esr6300,ningzhao,moderate,15,blackheart
CSCvp07051,CSC.labtrunk,petra,teresang,moderate,14,petra
CSCvp37976,CSC.labtrunk,esr6300,ningzhao,severe,11,blackheart
CSCvp39558,CSC.labtrunk,esr6300,ningzhao,enhancement,11,blackheart
CSCvp41785,CSC.labtrunk,all,rasrao,moderate,11,http
CSCvp70787,CSC.labtrunk,petra,teresang,moderate,7,petra
CSCvp96386,CSC.sys,all,rasrao,moderate,5,iotgsw
CSCvq09349,CSC.sys,ir1100,teresang,moderate,3,bootloader
CSCvq28357,CSC.labtrunk,petra,teresang,moderate,1,iox
CSCux88914,CSC.labtrunk,cgr1000,ningzhao,moderate,180,cgr1k
CSCux95193,CSC.sibu.prods,ce300,tslo,severe,180,sw
CSCuy02225,CSC.datacenter,cgr1000,ningzhao,moderate,179,cgdm
CSCuy02821,CSC.sibu.dev,dms-internal,tslo,moderate,179,dmm
CSCuy05956,CSC.labtrunk,volt,teresang,moderate,179,ie
CSCuy06314,CSC.labtrunk,moreno,teresang,moderate,179,iotgsw
CSCuy09242,CSC.sibu.dev,dms-internal,tslo,moderate,178,dmm
CSCuy12542,CSC.labtrunk,cgr1000,tslo,moderate,178,cgr1k
CSCuy17707,CSC.sibu.dev,dms-internal,tslo,moderate,178,dmm
CSCuy19647,CSC.sibu.dev,dms-internal,tslo,moderate,177,dmm
CSCuy21176,CSC.sibu.dev,dms-internal,tslo,moderate,177,dmm
CSCuy26985,CSC.sibu.dev,dms-internal,tslo,moderate,177,dmm
CSCuy29074,CSC.labtrunk,cgr1000,ningzhao,moderate,177,cgr1k
CSCuy32627,CSC.sibu.dev,kunpeng,tslo,moderate,176,linux
CSCuy33081,CSC.labtrunk,cgr1000,ningzhao,moderate,176,cgr1k
CSCuy45018,CSC.labtrunk,gemboa,tslo,moderate,175,gemboa
CSCuy46835,CSC.labtrunk,gemboa,tslo,moderate,175,gemboa
CSCuy48949,CSC.labtrunk,gemboa,tslo,moderate,175,gemboa
CSCuy49140,CSC.labtrunk,gemboa,tslo,moderate,175,gemboa
CSCuy53409,CSC.sibu.dev,bluebird,tslo,moderate,174,sw
CSCuy60117,CSC.labtrunk,all,teresang,moderate,174,iotgsw
CSCuy64144,CSC.sibu.dev,bluebird,tslo,moderate,173,sw
CSCuy64154,CSC.labtrunk,gemboa,tslo,moderate,173,gemboa
CSCuy64187,CSC.labtrunk,gemboa,tslo,moderate,173,gemboa
CSCuy76341,CSC.labtrunk,gemboa,tslo,moderate,172,gemboa
CSCuy94266,CSC.sibu.dev,dms-internal,tslo,moderate,171,dmm
CSCuy97710,CSC.sibu.dev,sunbird,tslo,moderate,170,sw
CSCuy97993,CSC.sibu.dev,sunbird,tslo,enhancement,170,sw
CSCuy98093,CSC.sibu.dev,sunbird,tslo,moderate,170,sw
CSCuy98320,CSC.sibu.dev,sunbird,tslo,moderate,170,sw
CSCuy98564,CSC.sibu.dev,sunbird,tslo,moderate,170,sw
CSCuy98593,CSC.sibu.dev,dms-internal,tslo,moderate,170,dmm
CSCuz00700,CSC.sibu.dev,bluebird,tslo,moderate,170,sw
CSCuz02049,CSC.sibu.dev,sunbird,tslo,moderate,170,sw
CSCuz02081,CSC.sibu.dev,sunbird,tslo,moderate,170,sw
CSCuz02469,CSC.sibu.dev,bluebird,tslo,moderate,170,sw
CSCuz02634,CSC.labtrunk,gemboa,tslo,moderate,170,gemboa
CSCuz03624,CSC.labtrunk,gemboa,tslo,moderate,170,gemboa
CSCuz03631,CSC.labtrunk,gemboa,tslo,moderate,170,gemboa
CSCuz04713,CSC.labtrunk,gemboa,tslo,moderate,170,gemboa
CSCuz04795,CSC.labtrunk,gemboa,tslo,moderate,170,gemboa
CSCuz04839,CSC.general,dms,tslo,moderate,170,dmp
CSCuz06511,CSC.general,dms,tslo,moderate,169,dmp
CSCuz10859,CSC.sibu.dev,sunbird,tslo,enhancement,169,sw
CSCuz15164,CSC.labtrunk,ir809,ningzhao,enhancement,169,cgr1k
CSCuz18674,CSC.sibu.dev,sunbird,tslo,moderate,168,sw
CSCuz20615,CSC.labtrunk,gemboa,tslo,moderate,168,gemboa
CSCuz20637,CSC.labtrunk,gemboa,tslo,moderate,168,gemboa
CSCuz21373,CSC.labtrunk,volt,teresang,moderate,168,iotgsw
CSCuz34621,CSC.labtrunk,warbler,tslo,enhancement,167,warbler
CSCuz35166,CSC.labtrunk,cgr1000,ningzhao,minor,167,cgr1k
CSCuz37025,CSC.labtrunk,warbler,tslo,enhancement,167,warbler
CSCuz37042,CSC.labtrunk,warbler,tslo,enhancement,167,warbler
CSCuz37114,CSC.labtrunk,warbler,tslo,enhancement,167,warbler
CSCuz37137,CSC.labtrunk,warbler,tslo,enhancement,167,warbler
CSCuz37613,CSC.labtrunk,warbler,tslo,enhancement,167,warbler
CSCuz37621,CSC.labtrunk,warbler,tslo,enhancement,167,warbler
CSCuz39082,CSC.labtrunk,warbler,tslo,enhancement,166,warbler
CSCuz39104,CSC.labtrunk,warbler,tslo,enhancement,166,warbler
CSCuz39109,CSC.labtrunk,warbler,tslo,enhancement,166,warbler
CSCuz40040,CSC.labtrunk,cgr1000,tslo,minor,166,cgr1k
CSCuz46365,CSC.labtrunk,cgr1000,ningzhao,moderate,166,cgr1k
CSCuz46709,CSC.labtrunk,ie1000,teresang,moderate,166,iot
CSCuz48728,CSC.sys,volt,teresang,severe,165,iotgsw
CSCuz58087,CSC.labtrunk,volt,teresang,moderate,165,iotgsw
CSCuz69775,CSC.labtrunk,ir809,tslo,severe,163,ir800
CSCuz80051,CSC.labtrunk,warbler,tslo,minor,162,warbler
CSCuz86950,CSC.labtrunk,warbler,tslo,enhancement,162,warbler
CSCuz92766,CSC.sibu.dev,kunpeng,tslo,severe,161,ntp
CSCva04126,CSC.labtrunk,warbler,tslo,moderate,160,warbler
CSCva24224,CSC.sibu.dev,bluebird,tslo,enhancement,158,sw
CSCva38911,CSC.labtrunk,cgr1000,ningzhao,severe,156,cgr1k
CSCva39834,CSC.labtrunk,volt,teresang,severe,156,iotgsw
CSCva51160,CSC.labtrunk,volt,teresang,severe,155,iot
CSCva51758,CSC.sibu.dev,sunbird,tslo,moderate,155,sw
CSCva52009,CSC.sibu.dev,sunbird,tslo,moderate,155,sw
CSCvb06914,CSC.labtrunk,morenolite,teresang,moderate,149,iotgsw
CSCvb10757,CSC.sys,cgr1000,ningzhao,moderate,149,cgr1k
CSCvb22528,CSC.labtrunk,cgr1000,ningzhao,moderate,147,cgr1k
CSCvb28859,CSC.sibu.prods,ce340,tslo,moderate,147,sw
CSCvb28875,CSC.sibu.dev,bluebird,tslo,moderate,147,sw
CSCvb46014,CSC.sibu.dev,sunbird,tslo,moderate,145,sw
CSCvb56881,CSC.labtrunk,ce300,tslo,moderate,144,ce300
CSCvb83986,CSC.labtrunk,ie1000,teresang,moderate,141,iot
CSCvb85526,CSC.datacenter,cgr1000,ningzhao,moderate,140,interface
CSCvb86917,CSC.labtrunk,cgr1000,tslo,minor,140,cgr1k
CSCvc09149,CSC.labtrunk,ie1000,teresang,moderate,138,iot
CSCvc09172,CSC.labtrunk,ie1000,teresang,enhancement,138,iot
CSCvc22508,CSC.labtrunk,warbler,tslo,enhancement,136,warbler
CSCvc32172,CSC.labtrunk,volt,teresang,minor,135,iotgsw
CSCvc41328,CSC.labtrunk,volt,teresang,moderate,134,iotgsw
CSCvc53663,CSC.labtrunk,cgr1000,ningzhao,severe,133,cgr1k
CSCvc78745,CSC.labtrunk,ir809,tslo,minor,128,ir800
CSCvc82254,CSC.labtrunk,volt,teresang,severe,128,iotgsw
CSCvc82453,CSC.sys,c800,ningzhao,enhancement,128,ir800
CSCvc86040,CSC.labtrunk,ie1000,teresang,moderate,128,iot
CSCvc88079,CSC.sys,all,ningzhao,moderate,127,ir800
CSCvc88492,CSC.datacenter,cgr500,ningzhao,moderate,127,linux
CSCvc90072,CSC.labtrunk,warbler,tslo,enhancement,127,warbler
CSCvc91608,CSC.labtrunk,ir829,ningzhao,moderate,127,ir800
CSCvc95318,CSC.labtrunk,ce300,tslo,moderate,126,ce300
CSCvd08042,CSC.labtrunk,ie1000,teresang,moderate,125,iot
CSCvd31187,CSC.labtrunk,ir829,ningzhao,moderate,123,gemboa
CSCvd34327,CSC.labtrunk,volt,teresang,severe,122,iotgsw
CSCvd40671,CSC.sibu.dev,bluebird,tslo,moderate,122,sw
CSCvd46076,CSC.labtrunk,volt,teresang,moderate,121,iotgsw
CSCvd47399,CSC.labtrunk,volt,teresang,moderate,121,ie
CSCvd50058,CSC.labtrunk,ir829,ningzhao,moderate,121,gemboa
CSCvd53916,CSC.sys,all,ningzhao,enhancement,120,ir800
CSCve07461,CSC.labtrunk,moreno,teresang,moderate,115,ie
CSCve10333,CSC.labtrunk,moreno,teresang,moderate,115,ie
CSCve23454,CSC.labtrunk,warbler,tslo,enhancement,114,warbler
CSCve26572,CSC.labtrunk,warbler,tslo,enhancement,113,warbler
CSCve30498,CSC.labtrunk,warbler,tslo,enhancement,113,warbler
CSCve44248,CSC.labtrunk,volt,teresang,moderate,111,ie
CSCve50123,CSC.labtrunk,cgr1000,ningzhao,moderate,111,cgr1k
CSCve74326,CSC.sibu.dev,sunbird,tslo,moderate,108,sw
CSCve75196,CSC.labtrunk,warbler,tslo,enhancement,108,warbler
CSCve83631,CSC.labtrunk,cgr1000,tslo,moderate,107,cgr1k
CSCve84366,CSC.labtrunk,moreno,teresang,moderate,107,iotgsw
CSCve86517,CSC.labtrunk,volt,teresang,moderate,107,iotgsw
CSCvf04048,CSC.labtrunk,warbler,tslo,moderate,105,warbler
CSCvf27630,CSC.labtrunk,volt,teresang,moderate,102,iotgsw
CSCvf57699,CSC.sys,cgr1000,sidharma,enhancement,99,cgr1k
CSCvf62235,CSC.labtrunk,warbler,tslo,minor,98,warbler
CSCvf73470,CSC.labtrunk,warbler,tslo,minor,97,warbler
CSCvf80656,CSC.labtrunk,warbler,tslo,moderate,96,warbler
CSCvf81949,CSC.labtrunk,all,ningzhao,moderate,96,sparrow
CSCvf98837,CSC.labtrunk,cgr1000,tslo,moderate,94,cgr1k
CSCvg26182,CSC.labtrunk,all,ningzhao,moderate,91,sparrow
CSCvg28130,CSC.labtrunk,ir800,ningzhao,moderate,90,ir800
CSCvg37481,CSC.labtrunk,all,ningzhao,catastrophic,89,sparrow
CSCvg40371,CSC.sys,cgr1000,ningzhao,moderate,89,cgr1k
CSCvg41374,CSC.labtrunk,ir800,ningzhao,moderate,89,ir800
CSCvg50678,CSC.labtrunk,ir1100,ningzhao,minor,88,sparrow
CSCvg70961,CSC.labtrunk,ir1100,ningzhao,severe,86,sparrow
CSCvg76199,CSC.labtrunk,cgr1000,bhatrive,moderate,85,cgr1k
CSCvg96800,CSC.labtrunk,all,ningzhao,moderate,83,sparrow
CSCvh01042,CSC.labtrunk,ir800,ningzhao,moderate,82,ir800
CSCvh02789,CSC.labtrunk,warbler,tslo,moderate,82,warbler
CSCvh02811,CSC.labtrunk,ir1100,ningzhao,moderate,82,sparrow
CSCvh10736,CSC.labtrunk,ir1100,ningzhao,moderate,82,sparrow
CSCvh19185,CSC.labtrunk,ir1100,ningzhao,severe,81,sparrow
CSCvh22064,CSC.labtrunk,ir1100,ningzhao,moderate,80,sparrow
CSCvh58683,CSC.labtrunk,ir1100,ningzhao,moderate,76,sparrow
CSCvh65177,CSC.labtrunk,ir829,bhatrive,minor,76,gemboa
CSCvh83223,CSC.labtrunk,petra,teresang,moderate,74,petra
CSCvh89730,CSC.labtrunk,ir1100,ningzhao,moderate,73,sparrow
CSCvi05529,CSC.labtrunk,petra,teresang,moderate,71,ptp
CSCvi07899,CSC.labtrunk,warbler,tslo,enhancement,71,warbler
CSCvi08074,CSC.labtrunk,ir1100,ningzhao,moderate,71,sparrow
CSCvi29893,CSC.labtrunk,warbler,tslo,enhancement,69,warbler
CSCvi44374,CSC.labtrunk,all,ningzhao,moderate,68,sparrow
CSCvi51666,CSC.sys,all,bhatrive,moderate,68,ir800
CSCvi66071,CSC.labtrunk,volt,teresang,enhancement,67,iot
